"uf";"nome_municipio";"cod_tse";"cod_ibge";"abstencoes";"p_abstencoes";"nulos";"p_nulos";"brancos";"p_brancos"
"SP";"ADAMANTINA";"61018";"3500105";"6993";"25,30";"1265";"6,13";"1286";"6,23"
"SP";"ADOLFO";"61034";"3500204";"1069";"24,87";"193";"5,98";"146";"4,52"
"SP";"AGUAÍ";"61050";"3500303";"5861";"24,35";"1572";"8,63";"1500";"8,24"
"SP";"AGUDOS";"61131";"3500709";"7180";"23,55";"1761";"7,55";"1359";"5,83"
"SP";"ALAMBARI";"61581";"3500758";"976";"19,80";"246";"6,22";"176";"4,46"
"SP";"ALFREDO MARCONDES";"61158";"3500808";"887";"21,92";"152";"4,81";"99";"3,13"
"SP";"ALTAIR";"61174";"3500907";"775";"24,26";"137";"5,66";"113";"4,67"
"SP";"ALTINÓPOLIS";"61190";"3501004";"2497";"20,17";"735";"7,44";"740";"7,48"
"SP";"ALTO ALEGRE";"61212";"3501103";"852";"23,39";"215";"7,71";"123";"4,40"
"SP";"ALUMÍNIO";"61220";"3501152";"3046";"20,99";"829";"7,23";"807";"7,04"
"SP";"ALVINLÂNDIA";"61298";"3501509";"646";"23,78";"96";"4,64";"118";"5,69"
"SP";"AMERICANA";"61310";"3501608";"36002";"19,97";"9967";"6,91";"8173";"5,66"
"SP";"AMPARO";"61379";"3501905";"13571";"23,65";"3968";"9,06";"3143";"7,17"
"SP";"AMÉRICO BRASILIENSE";"61336";"3501707";"6027";"21,09";"2055";"9,11";"1700";"7,54"
"SP";"AMÉRICO DE CAMPOS";"61352";"3501806";"909";"18,41";"260";"6,45";"180";"4,47"
"SP";"ANALÂNDIA";"61395";"3502002";"1308";"28,82";"241";"7,46";"196";"6,07"
"SP";"ANDRADINA";"61417";"3502101";"10947";"24,04";"2320";"6,71";"2621";"7,58"
"SP";"ANGATUBA";"61433";"3502200";"4575";"24,90";"958";"6,94";"839";"6,09"
"SP";"ANHEMBI";"61450";"3502309";"1872";"31,70";"258";"6,40";"236";"5,85"
"SP";"ANHUMAS";"61476";"3502408";"739";"21,75";"121";"4,55";"74";"2,78"
"SP";"APARECIDA";"61492";"3502507";"5791";"20,29";"1281";"5,63";"1345";"5,91"
"SP";"APARECIDA D&apos;OESTE";"61514";"3502606";"970";"24,26";"163";"5,38";"122";"4,03"
"SP";"APIAÍ";"61530";"3502705";"5810";"28,39";"1106";"7,55";"1012";"6,90"
"SP";"ARAMINA";"61590";"3503000";"1096";"23,78";"240";"6,83";"233";"6,64"
"SP";"ARANDU";"61611";"3503109";"1357";"23,36";"339";"7,61";"389";"8,74"
"SP";"ARAPEÍ";"61646";"3503158";"605";"24,41";"121";"6,46";"60";"3,20"
"SP";"ARARAQUARA";"61638";"3503208";"43634";"24,09";"11821";"8,60";"8444";"6,14"
"SP";"ARARAS";"61654";"3503307";"21318";"21,02";"6706";"8,37";"5760";"7,19"
"SP";"ARAÇARIGUAMA";"61263";"3502754";"4137";"23,99";"961";"7,33";"975";"7,44"
"SP";"ARAÇATUBA";"61557";"3502804";"35015";"22,80";"6695";"5,65";"5461";"4,60"
"SP";"ARAÇOIABA DA SERRA";"61573";"3502903";"4765";"19,24";"1466";"7,33";"1282";"6,41"
"SP";"ARCO-ÍRIS";"62065";"3503356";"523";"23,25";"75";"4,35";"49";"2,83"
"SP";"AREALVA";"61670";"3503406";"1454";"22,79";"400";"8,12";"310";"6,29"
"SP";"AREIAS";"61697";"3503505";"584";"17,93";"135";"5,05";"85";"3,18"
"SP";"AREIÓPOLIS";"61719";"3503604";"1801";"21,05";"538";"7,96";"603";"8,93"
"SP";"ARIRANHA";"61735";"3503703";"1541";"22,14";"433";"7,99";"349";"6,44"
"SP";"ARTUR NOGUEIRA";"61751";"3503802";"7211";"18,77";"2313";"7,41";"1982";"6,36"
"SP";"ARUJÁ";"61778";"3503901";"14199";"19,99";"4967";"8,74";"3962";"6,97"
"SP";"ASPÁSIA";"61522";"3503950";"398";"21,01";"67";"4,48";"46";"3,07"
"SP";"ASSIS";"61794";"3504008";"18108";"24,51";"3209";"5,75";"2906";"5,22"
"SP";"ATIBAIA";"61816";"3504107";"26948";"22,47";"8000";"8,61";"7036";"7,57"
"SP";"AURIFLAMA";"61832";"3504206";"2133";"19,49";"484";"5,49";"411";"4,67"
"SP";"AVANHANDAVA";"61875";"3504404";"1858";"23,50";"371";"6,14";"406";"6,71"
"SP";"AVARÉ";"61891";"3504503";"17616";"25,66";"4135";"8,10";"3926";"7,70"
"SP";"AVAÍ";"61859";"3504305";"1003";"24,22";"149";"4,75";"121";"3,85"
"SP";"BADY BASSITT";"61913";"3504602";"2950";"20,59";"721";"6,34";"455";"4,00"
"SP";"BALBINOS";"61930";"3504701";"399";"26,10";"66";"5,84";"49";"4,34"
"SP";"BANANAL";"61972";"3504909";"2105";"23,99";"505";"7,57";"313";"4,69"
"SP";"BARBOSA";"61999";"3505104";"1239";"23,56";"219";"5,45";"140";"3,48"
"SP";"BARIRI";"62030";"3505203";"6398";"25,37";"1477";"7,85";"1418";"7,53"
"SP";"BARRA BONITA";"62057";"3505302";"6616";"21,98";"1889";"8,04";"1640";"6,99"
"SP";"BARRA DO CHAPÉU";"61360";"3505351";"1159";"24,17";"247";"6,79";"188";"5,17"
"SP";"BARRA DO TURVO";"62073";"3505401";"2650";"36,64";"276";"6,02";"140";"3,06"
"SP";"BARRETOS";"62090";"3505500";"24742";"27,22";"4289";"6,48";"4323";"6,54"
"SP";"BARRINHA";"62111";"3505609";"5010";"20,42";"1498";"7,67";"1951";"10,00"
"SP";"BARUERI";"62138";"3505708";"54325";"19,46";"15506";"6,90";"14237";"6,33"
"SP";"BARÃO DE ANTONINA";"62014";"3505005";"688";"24,69";"151";"7,20";"130";"6,19"
"SP";"BASTOS";"62154";"3505807";"4437";"24,54";"830";"6,08";"909";"6,66"
"SP";"BATATAIS";"62170";"3505906";"10607";"23,58";"2770";"8,06";"2769";"8,05"
"SP";"BAURU";"62197";"3506003";"63930";"22,82";"15583";"7,21";"13169";"6,09"
"SP";"BEBEDOURO";"62219";"3506102";"15052";"25,10";"3025";"6,73";"3302";"7,35"
"SP";"BENTO DE ABREU";"62235";"3506201";"464";"21,48";"102";"6,01";"87";"5,13"
"SP";"BERNARDINO DE CAMPOS";"62251";"3506300";"2061";"24,39";"477";"7,47";"428";"6,69"
"SP";"BERTIOGA";"61280";"3506359";"12092";"25,10";"2232";"6,18";"2029";"5,63"
"SP";"BILAC";"62278";"3506409";"1435";"22,40";"308";"6,19";"172";"3,46"
"SP";"BIRIGUI";"62294";"3506508";"19881";"22,29";"6007";"8,67";"4504";"6,49"
"SP";"BIRITIBA MIRIM";"62316";"3506607";"5157";"21,52";"1600";"8,51";"1608";"8,55"
"SP";"BOA ESPERANÇA DO SUL";"62332";"3506706";"2341";"22,33";"531";"6,52";"467";"5,73"
"SP";"BOCAINA";"62359";"3506805";"2005";"21,97";"616";"8,65";"482";"6,76"
"SP";"BOFETE";"62375";"3506904";"2437";"28,34";"495";"8,03";"383";"6,22"
"SP";"BOITUVA";"62391";"3507001";"10925";"23,55";"2831";"7,98";"2209";"6,23"
"SP";"BOM JESUS DOS PERDÕES";"62413";"3507100";"3940";"21,44";"1289";"8,93";"1092";"7,56"
"SP";"BOM SUCESSO DE ITARARÉ";"61786";"3507159";"740";"22,19";"126";"4,86";"94";"3,62"
"SP";"BORACÉIA";"62456";"3507308";"872";"21,86";"220";"7,06";"196";"6,29"
"SP";"BORBOREMA";"62472";"3507407";"2809";"24,34";"660";"7,56";"411";"4,71"
"SP";"BOREBI";"61026";"3507456";"480";"21,60";"98";"5,63";"81";"4,65"
"SP";"BORÁ";"62430";"3507209";"192";"18,48";"40";"4,72";"38";"4,49"
"SP";"BOTUCATU";"62499";"3507506";"20179";"18,81";"7547";"8,67";"5744";"6,59"
"SP";"BRAGANÇA PAULISTA";"62510";"3507605";"29793";"22,01";"8701";"8,24";"7383";"7,00"
"SP";"BRAÚNA";"62553";"3507704";"830";"19,43";"183";"5,32";"153";"4,44"
"SP";"BREJO ALEGRE";"62081";"3507753";"543";"21,12";"146";"7,20";"112";"5,52"
"SP";"BRODOWSKI";"62570";"3507803";"4006";"22,07";"1146";"8,10";"953";"6,74"
"SP";"BROTAS";"62596";"3507902";"5070";"26,80";"1094";"7,90";"913";"6,59"
"SP";"BURI";"62618";"3508009";"3952";"24,97";"707";"5,95";"778";"6,56"
"SP";"BURITAMA";"62634";"3508108";"3576";"26,17";"697";"6,91";"608";"6,03"
"SP";"BURITIZAL";"62650";"3508207";"815";"21,34";"212";"7,05";"141";"4,70"
"SP";"BÁLSAMO";"61956";"3504800";"1480";"19,79";"337";"5,62";"280";"4,66"
"SP";"CABREÚVA";"62693";"3508405";"7420";"20,95";"2414";"8,62";"2151";"7,68"
"SP";"CABRÁLIA PAULISTA";"62677";"3508306";"736";"21,70";"187";"7,04";"177";"6,66"
"SP";"CACHOEIRA PAULISTA";"62731";"3508603";"6149";"24,13";"1172";"6,06";"1128";"5,84"
"SP";"CACONDE";"62758";"3508702";"3938";"27,02";"744";"7,00";"632";"5,94"
"SP";"CAFELÂNDIA";"62774";"3508801";"3397";"25,71";"592";"6,03";"572";"5,83"
"SP";"CAIABU";"62790";"3508900";"557";"16,80";"104";"3,77";"77";"2,79"
"SP";"CAIEIRAS";"62812";"3509007";"13900";"19,62";"4689";"8,23";"3574";"6,28"
"SP";"CAIUÁ";"62839";"3509106";"995";"25,26";"168";"5,71";"78";"2,65"
"SP";"CAJAMAR";"62855";"3509205";"13722";"20,19";"4252";"7,84";"4088";"7,53"
"SP";"CAJATI";"61484";"3509254";"6916";"28,67";"1194";"6,94";"981";"5,70"
"SP";"CAJOBI";"62871";"3509304";"1804";"23,00";"389";"6,44";"288";"4,77"
"SP";"CAJURU";"62898";"3509403";"4854";"25,14";"1293";"8,95";"1133";"7,84"
"SP";"CAMPINA DO MONTE ALEGRE";"61506";"3509452";"1074";"21,70";"259";"6,68";"179";"4,62"
"SP";"CAMPINAS";"62910";"3509502";"192955";"21,96";"53112";"7,74";"38694";"5,65"
"SP";"CAMPO LIMPO PAULISTA";"62936";"3509601";"13212";"21,48";"4239";"8,78";"3241";"6,70"
"SP";"CAMPOS DO JORDÃO";"62952";"3509700";"10382";"26,06";"2816";"9,56";"2730";"9,26"
"SP";"CAMPOS NOVOS PAULISTA";"62979";"3509809";"900";"23,72";"149";"5,15";"143";"4,94"
"SP";"CANANÉIA";"62995";"3509908";"2224";"22,41";"530";"6,88";"353";"4,59"
"SP";"CANAS";"62103";"3509957";"845";"21,47";"200";"6,47";"167";"5,41"
"SP";"CANITAR";"61344";"3510153";"712";"18,22";"229";"7,17";"221";"6,91"
"SP";"CAPELA DO ALTO";"63070";"3510302";"3313";"22,24";"709";"6,12";"754";"6,51"
"SP";"CAPIVARI";"63096";"3510401";"8491";"21,64";"2299";"7,48";"2203";"7,17"
"SP";"CAPÃO BONITO";"63053";"3510203";"8975";"24,60";"1788";"6,50";"2133";"7,76"
"SP";"CARAGUATATUBA";"63118";"3510500";"24614";"23,42";"5634";"7,00";"4849";"6,03"
"SP";"CARAPICUÍBA";"63134";"3510609";"65172";"21,71";"18358";"7,81";"17193";"7,32"
"SP";"CARDOSO";"63150";"3510708";"3097";"30,31";"492";"6,91";"443";"6,22"
"SP";"CASA BRANCA";"63177";"3510807";"5553";"26,65";"1280";"8,38";"1203";"7,87"
"SP";"CASTILHO";"63215";"3511003";"3753";"23,86";"785";"6,55";"787";"6,58"
"SP";"CATANDUVA";"63231";"3511102";"18613";"21,16";"5682";"8,19";"3701";"5,34"
"SP";"CATIGUÁ";"63258";"3511201";"1093";"18,77";"515";"10,89";"281";"5,94"
"SP";"CAÇAPAVA";"62715";"3508504";"16017";"21,42";"4505";"7,67";"3699";"6,29"
"SP";"CEDRAL";"63274";"3511300";"1583";"20,57";"400";"6,54";"299";"4,89"
"SP";"CERQUEIRA CÉSAR";"63290";"3511409";"4482";"27,98";"814";"7,06";"937";"8,12"
"SP";"CERQUILHO";"63312";"3511508";"8218";"22,35";"2467";"8,64";"2026";"7,09"
"SP";"CESÁRIO LANGE";"63339";"3511607";"3388";"24,26";"1092";"10,33";"916";"8,66"
"SP";"CHARQUEADA";"63355";"3511706";"2885";"21,70";"743";"7,14";"631";"6,06"
"SP";"CHAVANTES";"63371";"3557204";"1454";"16,58";"502";"6,86";"460";"6,29"
"SP";"CLEMENTINA";"63398";"3511904";"1170";"21,19";"318";"7,31";"199";"4,57"
"SP";"COLINA";"63410";"3512001";"3837";"25,57";"748";"6,70";"743";"6,65"
"SP";"COLÔMBIA";"63436";"3512100";"1552";"26,62";"280";"6,55";"192";"4,48"
"SP";"CONCHAL";"63452";"3512209";"4354";"19,74";"1407";"7,95";"1540";"8,70"
"SP";"CONCHAS";"63479";"3512308";"3976";"28,90";"666";"6,81";"600";"6,13"
"SP";"CORDEIRÓPOLIS";"63495";"3512407";"4081";"20,58";"1219";"7,74";"1044";"6,63"
"SP";"COROADOS";"63517";"3512506";"844";"20,19";"198";"5,94";"139";"4,16"
"SP";"CORONEL MACEDO";"63533";"3512605";"690";"18,01";"171";"5,44";"169";"5,38"
"SP";"CORUMBATAÍ";"63550";"3512704";"758";"21,56";"228";"8,27";"171";"6,20"
"SP";"COSMORAMA";"63592";"3512902";"1544";"21,66";"295";"5,28";"239";"4,28"
"SP";"COSMÓPOLIS";"63576";"3512803";"10581";"22,79";"3270";"9,12";"2796";"7,81"
"SP";"COTIA";"63614";"3513009";"35610";"19,26";"11347";"7,60";"10700";"7,17"
"SP";"CRAVINHOS";"63630";"3513108";"6633";"24,29";"1652";"7,99";"1339";"6,47"
"SP";"CRISTAIS PAULISTA";"63657";"3513207";"1678";"22,51";"355";"6,15";"328";"5,68"
"SP";"CRUZEIRO";"63690";"3513405";"13767";"22,87";"3872";"8,34";"2802";"6,03"
"SP";"CRUZÁLIA";"63673";"3513306";"353";"17,54";"59";"3,55";"39";"2,35"
"SP";"CUBATÃO";"63711";"3513504";"19866";"21,08";"4828";"6,49";"4123";"5,55"
"SP";"CUNHA";"63738";"3513603";"3367";"19,33";"944";"6,72";"851";"6,05"
"SP";"CÁSSIA DOS COQUEIROS";"63193";"3510906";"769";"27,34";"188";"9,20";"102";"4,99"
"SP";"CÂNDIDO MOTA";"63010";"3510005";"6050";"24,50";"1298";"6,96";"1294";"6,94"
"SP";"CÂNDIDO RODRIGUES";"63037";"3510104";"568";"22,08";"130";"6,48";"126";"6,29"
"SP";"DESCALVADO";"63754";"3513702";"5791";"22,98";"2142";"11,04";"1738";"8,95"
"SP";"DIADEMA";"63770";"3513801";"67023";"19,78";"24403";"8,98";"17906";"6,58"
"SP";"DIRCE REIS";"61123";"3513850";"329";"20,23";"59";"4,55";"40";"3,08"
"SP";"DIVINOLÂNDIA";"63797";"3513900";"1770";"18,59";"914";"11,79";"603";"7,78"
"SP";"DOBRADA";"63819";"3514007";"1365";"20,88";"396";"7,66";"384";"7,42"
"SP";"DOIS CÓRREGOS";"63835";"3514106";"5507";"27,60";"971";"6,72";"995";"6,89"
"SP";"DOLCINÓPOLIS";"63851";"3514205";"444";"20,35";"100";"5,75";"80";"4,61"
"SP";"DOURADO";"63878";"3514304";"1751";"23,94";"591";"10,62";"549";"9,87"
"SP";"DRACENA";"63894";"3514403";"8742";"24,77";"1386";"5,22";"1258";"4,74"
"SP";"DUARTINA";"63916";"3514502";"2600";"24,75";"488";"6,17";"375";"4,75"
"SP";"DUMONT";"63932";"3514601";"1393";"19,50";"495";"8,61";"432";"7,51"
"SP";"ECHAPORÃ";"63959";"3514700";"1267";"23,96";"259";"6,44";"214";"5,32"
"SP";"ELDORADO";"63975";"3514809";"3559";"30,21";"431";"5,24";"317";"3,86"
"SP";"ELIAS FAUSTO";"63991";"3514908";"2990";"21,23";"1066";"9,61";"894";"8,06"
"SP";"ELISIÁRIO";"61760";"3514924";"506";"18,56";"157";"7,07";"124";"5,59"
"SP";"EMBAÚBA";"61182";"3514957";"469";"19,75";"94";"4,93";"76";"3,99"
"SP";"EMBU DAS ARTES";"64017";"3515004";"34903";"17,50";"14403";"8,75";"12921";"7,85"
"SP";"EMBU-GUAÇU";"64033";"3515103";"14329";"25,43";"3840";"9,14";"2924";"6,96"
"SP";"EMILIANÓPOLIS";"61387";"3515129";"581";"21,32";"86";"4,01";"106";"4,95"
"SP";"ENGENHEIRO COELHO";"61689";"3515152";"3392";"22,72";"673";"5,83";"622";"5,40"
"SP";"ESPÍRITO SANTO DO PINHAL";"68659";"3515186";"8812";"26,11";"1864";"7,47";"1779";"7,14"
"SP";"ESPÍRITO SANTO DO TURVO";"61140";"3515194";"883";"25,01";"156";"5,89";"135";"5,10"
"SP";"ESTIVA GERBI";"61662";"3557303";"1827";"19,36";"585";"7,69";"468";"6,15"
"SP";"ESTRELA D&apos;OESTE";"64050";"3515202";"1762";"24,12";"416";"7,51";"368";"6,64"
"SP";"ESTRELA DO NORTE";"64076";"3515301";"553";"21,58";"105";"5,22";"70";"3,49"
"SP";"EUCLIDES DA CUNHA PAULISTA";"61000";"3515350";"2310";"32,47";"225";"4,68";"131";"2,73"
"SP";"FARTURA";"64092";"3515400";"3265";"24,66";"591";"5,93";"540";"5,41"
"SP";"FERNANDO PRESTES";"64130";"3515608";"1115";"21,90";"270";"6,79";"287";"7,22"
"SP";"FERNANDÓPOLIS";"64114";"3515509";"14272";"26,32";"2394";"5,99";"2442";"6,11"
"SP";"FERNÃO";"62286";"3515657";"384";"24,21";"87";"7,24";"64";"5,32"
"SP";"FERRAZ DE VASCONCELOS";"64157";"3515707";"26868";"20,10";"10042";"9,40";"8231";"7,71"
"SP";"FLORA RICA";"64173";"3515806";"437";"27,62";"46";"4,02";"57";"4,98"
"SP";"FLOREAL";"64190";"3515905";"519";"19,53";"125";"5,84";"100";"4,68"
"SP";"FLORÍNEA";"64238";"3516101";"574";"21,23";"138";"6,48";"86";"4,04"
"SP";"FLÓRIDA PAULISTA";"64211";"3516002";"1904";"23,61";"394";"6,40";"392";"6,36"
"SP";"FRANCA";"64254";"3516200";"52855";"21,37";"12604";"6,48";"11760";"6,05"
"SP";"FRANCISCO MORATO";"64270";"3516309";"29604";"22,57";"8930";"8,79";"8110";"7,99"
"SP";"FRANCO DA ROCHA";"64297";"3516408";"22399";"21,34";"8031";"9,73";"6186";"7,49"
"SP";"GABRIEL MONTEIRO";"64319";"3516507";"457";"17,91";"135";"6,44";"83";"3,97"
"SP";"GARÇA";"64351";"3516705";"8996";"25,36";"1985";"7,50";"2030";"7,66"
"SP";"GASTÃO VIDIGAL";"64378";"3516804";"537";"18,76";"118";"5,07";"118";"5,08"
"SP";"GAVIÃO PEIXOTO";"62308";"3516853";"876";"21,24";"205";"6,31";"253";"7,79"
"SP";"GENERAL SALGADO";"64394";"3516903";"1948";"23,28";"361";"5,62";"288";"4,49"
"SP";"GETULINA";"64416";"3517000";"2536";"31,42";"355";"6,41";"330";"5,97"
"SP";"GLICÉRIO";"64432";"3517109";"885";"22,87";"186";"6,23";"159";"5,33"
"SP";"GUAIMBÊ";"64475";"3517307";"1151";"24,38";"235";"6,58";"138";"3,87"
"SP";"GUAIÇARA";"64459";"3517208";"2269";"26,12";"435";"6,78";"529";"8,24"
"SP";"GUAPIARA";"64530";"3517604";"4115";"27,33";"694";"6,34";"590";"5,39"
"SP";"GUAPIAÇU";"64513";"3517505";"3409";"21,92";"847";"6,98";"786";"6,47"
"SP";"GUARACI";"64599";"3517901";"2116";"24,75";"351";"5,45";"216";"3,36"
"SP";"GUARANI D&apos;OESTE";"64610";"3518008";"285";"17,47";"62";"4,61";"28";"2,08"
"SP";"GUARANTÃ";"64637";"3518107";"1279";"24,71";"251";"6,44";"287";"7,37"
"SP";"GUARARAPES";"64653";"3518206";"4648";"19,88";"1224";"6,54";"979";"5,22"
"SP";"GUARAREMA";"64670";"3518305";"5444";"21,23";"1488";"7,37";"1281";"6,34"
"SP";"GUARATINGUETÁ";"64696";"3518404";"20343";"21,33";"4315";"5,75";"4419";"5,89"
"SP";"GUARAÇAÍ";"64572";"3517802";"1596";"24,01";"381";"7,54";"302";"5,98"
"SP";"GUAREÍ";"64718";"3518503";"1979";"20,76";"723";"9,57";"778";"10,30"
"SP";"GUARIBA";"64734";"3518602";"6637";"22,46";"1405";"6,13";"1487";"6,49"
"SP";"GUARUJÁ";"64750";"3518701";"47707";"20,24";"14727";"7,83";"13681";"7,28"
"SP";"GUARULHOS";"64777";"3518800";"148457";"16,01";"84456";"10,84";"55232";"7,09"
"SP";"GUARÁ";"64556";"3517703";"2605";"18,46";"741";"6,44";"626";"5,44"
"SP";"GUATAPARÁ";"61107";"3518859";"1399";"23,71";"282";"6,26";"281";"6,25"
"SP";"GUAÍRA";"64491";"3517406";"9749";"31,55";"1375";"6,50";"1536";"7,26"
"SP";"GUZOLÂNDIA";"64793";"3518909";"773";"21,79";"163";"5,88";"146";"5,26"
"SP";"GÁLIA";"64335";"3516606";"1345";"25,57";"259";"6,61";"160";"4,09"
"SP";"HERCULÂNDIA";"64815";"3519006";"1716";"23,76";"424";"7,70";"243";"4,41"
"SP";"HOLAMBRA";"61743";"3519055";"2115";"17,23";"587";"5,78";"534";"5,26"
"SP";"HORTOLÂNDIA";"61727";"3519071";"32678";"19,76";"9656";"7,28";"8309";"6,26"
"SP";"IACANGA";"64831";"3519105";"1861";"21,66";"386";"5,73";"355";"5,28"
"SP";"IACRI";"64858";"3519204";"1186";"23,12";"291";"7,38";"217";"5,50"
"SP";"IARAS";"61085";"3519253";"1432";"31,33";"160";"5,10";"174";"5,54"
"SP";"IBATÉ";"64874";"3519303";"6028";"22,93";"2077";"10,25";"2113";"10,43"
"SP";"IBIRAREMA";"64912";"3519501";"1134";"21,64";"287";"6,99";"272";"6,62"
"SP";"IBIRÁ";"64890";"3519402";"2101";"22,51";"503";"6,95";"419";"5,80"
"SP";"IBITINGA";"64939";"3519600";"10468";"23,69";"2665";"7,90";"2528";"7,50"
"SP";"IBIÚNA";"64955";"3519709";"15581";"24,59";"4523";"9,47";"3622";"7,58"
"SP";"ICÉM";"64971";"3519808";"1482";"23,44";"286";"5,91";"149";"3,08"
"SP";"IEPÊ";"64998";"3519907";"1378";"21,75";"243";"4,90";"173";"3,49"
"SP";"IGARAPAVA";"65030";"3520103";"6133";"28,64";"1034";"6,77";"1213";"7,93"
"SP";"IGARATÁ";"65056";"3520202";"2095";"23,03";"532";"7,60";"334";"4,77"
"SP";"IGARAÇU DO TIETÊ";"65013";"3520004";"3976";"21,22";"1483";"10,05";"1605";"10,87"
"SP";"IGUAPE";"65072";"3520301";"6962";"29,41";"1079";"6,46";"807";"4,82"
"SP";"ILHA COMPRIDA";"62006";"3520426";"4108";"32,13";"546";"6,29";"285";"3,29"
"SP";"ILHA SOLTEIRA";"61204";"3520442";"6396";"29,60";"1157";"7,61";"694";"4,56"
"SP";"ILHABELA";"65099";"3520400";"6851";"23,34";"1419";"6,31";"1431";"6,35"
"SP";"INDAIATUBA";"65110";"3520509";"38081";"20,18";"10805";"7,17";"9480";"6,29"
"SP";"INDIANA";"65137";"3520608";"634";"16,11";"197";"5,97";"169";"5,11"
"SP";"INDIAPORÃ";"65153";"3520707";"515";"17,23";"147";"5,94";"80";"3,24"
"SP";"INÚBIA PAULISTA";"65170";"3520806";"528";"17,42";"146";"5,83";"140";"5,60"
"SP";"IPAUSSU";"65196";"3520905";"2419";"22,51";"563";"6,76";"544";"6,53"
"SP";"IPERÓ";"65218";"3521002";"4860";"22,70";"1220";"7,37";"824";"4,98"
"SP";"IPEÚNA";"65234";"3521101";"1255";"22,23";"309";"7,04";"209";"4,76"
"SP";"IPIGUÁ";"62243";"3521150";"952";"21,75";"205";"5,98";"181";"5,29"
"SP";"IPORANGA";"65250";"3521200";"1009";"29,35";"153";"6,30";"92";"3,79"
"SP";"IPUÃ";"65277";"3521309";"2422";"21,08";"529";"5,83";"593";"6,54"
"SP";"IRACEMÁPOLIS";"65293";"3521408";"3193";"17,69";"1002";"6,75";"836";"5,62"
"SP";"IRAPURU";"65331";"3521606";"1297";"25,80";"255";"6,83";"229";"6,14"
"SP";"IRAPUÃ";"65315";"3521507";"1509";"26,52";"279";"6,67";"268";"6,41"
"SP";"ITABERÁ";"65358";"3521705";"3175";"22,18";"631";"5,67";"730";"6,55"
"SP";"ITAJOBI";"65390";"3521903";"2827";"22,25";"659";"6,67";"450";"4,56"
"SP";"ITAJU";"65412";"3522000";"810";"25,52";"160";"6,77";"149";"6,30"
"SP";"ITANHAÉM";"65439";"3522109";"23762";"28,04";"4524";"7,42";"3654";"5,99"
"SP";"ITAOCA";"61603";"3522158";"874";"28,29";"138";"6,23";"90";"4,06"
"SP";"ITAPECERICA DA SERRA";"65455";"3522208";"25847";"20,90";"8300";"8,48";"7380";"7,55"
"SP";"ITAPETININGA";"65471";"3522307";"26537";"22,52";"6785";"7,43";"6705";"7,35"
"SP";"ITAPEVA";"65498";"3522406";"17354";"24,12";"3442";"6,31";"4067";"7,45"
"SP";"ITAPEVI";"65510";"3522505";"33451";"20,42";"9587";"7,35";"10313";"7,91"
"SP";"ITAPIRA";"65536";"3522604";"13084";"22,79";"4421";"9,97";"3981";"8,98"
"SP";"ITAPIRAPUÃ PAULISTA";"61948";"3522653";"734";"22,08";"149";"5,75";"168";"6,48"
"SP";"ITAPORANGA";"65579";"3522802";"3110";"26,77";"543";"6,38";"492";"5,78"
"SP";"ITAPURA";"65617";"3523008";"1150";"30,44";"168";"6,39";"156";"5,94"
"SP";"ITAPUÍ";"65595";"3522901";"2316";"22,74";"546";"6,94";"567";"7,20"
"SP";"ITAQUAQUECETUBA";"65633";"3523107";"51921";"20,67";"19267";"9,67";"17386";"8,72"
"SP";"ITARARÉ";"65650";"3523206";"10053";"27,57";"1622";"6,14";"1916";"7,25"
"SP";"ITARIRI";"65676";"3523305";"2794";"28,62";"494";"7,09";"296";"4,24"
"SP";"ITATIBA";"65692";"3523404";"17641";"20,61";"5173";"7,61";"4850";"7,14"
"SP";"ITATINGA";"65714";"3523503";"2903";"20,93";"961";"8,76";"935";"8,53"
"SP";"ITAÍ";"65374";"3521804";"4155";"23,73";"888";"6,65";"948";"7,10"
"SP";"ITIRAPINA";"65730";"3523602";"2256";"22,21";"569";"7,20";"572";"7,24"
"SP";"ITIRAPUÃ";"65757";"3523701";"1258";"24,72";"231";"6,03";"199";"5,20"
"SP";"ITOBI";"65773";"3523800";"1373";"21,82";"362";"7,36";"426";"8,66"
"SP";"ITU";"65790";"3523909";"27912";"21,99";"8470";"8,55";"6522";"6,59"
"SP";"ITUPEVA";"65811";"3524006";"9297";"20,61";"2881";"8,04";"2552";"7,13"
"SP";"ITUVERAVA";"65838";"3524105";"8226";"27,45";"1287";"5,92";"1421";"6,53"
"SP";"ITÁPOLIS";"65552";"3522703";"8198";"26,15";"1828";"7,89";"1855";"8,02"
"SP";"JABORANDI";"65854";"3524204";"1022";"19,57";"281";"6,69";"225";"5,35"
"SP";"JABOTICABAL";"65870";"3524303";"14373";"26,12";"2400";"5,90";"2330";"5,74"
"SP";"JACAREÍ";"65897";"3524402";"37932";"21,46";"9819";"7,07";"7465";"5,38"
"SP";"JACI";"65919";"3524501";"1271";"22,05";"327";"7,28";"255";"5,67"
"SP";"JACUPIRANGA";"65935";"3524600";"3980";"29,35";"560";"5,84";"392";"4,10"
"SP";"JAGUARIÚNA";"65951";"3524709";"9740";"21,68";"2525";"7,18";"2524";"7,17"
"SP";"JALES";"65978";"3524808";"9000";"23,42";"2171";"7,38";"1719";"5,84"
"SP";"JAMBEIRO";"65994";"3524907";"1010";"20,36";"266";"6,73";"239";"6,05"
"SP";"JANDIRA";"66010";"3525003";"16640";"20,53";"5045";"7,83";"4930";"7,65"
"SP";"JARDINÓPOLIS";"66036";"3525102";"8070";"26,43";"1997";"8,89";"2007";"8,93"
"SP";"JARINU";"66052";"3525201";"6521";"24,71";"1613";"8,12";"1415";"7,12"
"SP";"JAÚ";"66079";"3525300";"22617";"21,56";"6223";"7,56";"6053";"7,36"
"SP";"JERIQUARA";"66095";"3525409";"554";"18,22";"131";"5,27";"102";"4,10"
"SP";"JOANÓPOLIS";"66117";"3525508";"2193";"22,02";"753";"9,70";"539";"6,94"
"SP";"JOSÉ BONIFÁCIO";"66150";"3525706";"6717";"23,69";"1242";"5,74";"1303";"6,02"
"SP";"JOÃO RAMALHO";"66133";"3525607";"705";"20,51";"180";"6,59";"166";"6,07"
"SP";"JUMIRIM";"62324";"3525854";"559";"22,97";"108";"5,76";"94";"5,01"
"SP";"JUNDIAÍ";"66192";"3525904";"63949";"19,32";"21519";"8,06";"13935";"5,21"
"SP";"JUNQUEIRÓPOLIS";"66214";"3526001";"3075";"22,14";"642";"5,94";"516";"4,77"
"SP";"JUQUITIBA";"66257";"3526209";"5745";"24,04";"1358";"7,48";"1088";"5,99"
"SP";"JUQUIÁ";"66230";"3526100";"5724";"33,46";"716";"6,29";"502";"4,41"
"SP";"JÚLIO MESQUITA";"66176";"3525805";"776";"20,47";"190";"6,30";"159";"5,28"
"SP";"LAGOINHA";"66273";"3526308";"1080";"20,40";"256";"6,07";"211";"5,01"
"SP";"LARANJAL PAULISTA";"66290";"3526407";"5442";"24,66";"1110";"6,68";"1148";"6,90"
"SP";"LAVRINHAS";"66338";"3526605";"1222";"19,45";"342";"6,76";"271";"5,35"
"SP";"LAVÍNIA";"66311";"3526506";"896";"22,66";"194";"6,34";"121";"3,96"
"SP";"LEME";"66354";"3526704";"16880";"22,31";"5490";"9,34";"4992";"8,49"
"SP";"LENÇÓIS PAULISTA";"66370";"3526803";"10603";"20,65";"2967";"7,28";"2698";"6,62"
"SP";"LIMEIRA";"66397";"3526902";"47796";"20,76";"14077";"7,72";"10702";"5,86"
"SP";"LINDÓIA";"66419";"3527009";"1239";"20,96";"318";"6,81";"135";"2,89"
"SP";"LINS";"66435";"3527108";"14999";"25,88";"2999";"6,98";"2669";"6,21"
"SP";"LORENA";"66451";"3527207";"14664";"22,57";"3261";"6,48";"3200";"6,36"
"SP";"LOURDES";"62022";"3527256";"480";"24,57";"58";"3,93";"38";"2,58"
"SP";"LOUVEIRA";"66478";"3527306";"6600";"17,71";"2240";"7,30";"2196";"7,17"
"SP";"LUCIANÓPOLIS";"66516";"3527504";"433";"20,37";"95";"5,61";"89";"5,26"
"SP";"LUCÉLIA";"66494";"3527405";"3115";"23,00";"741";"7,10";"598";"5,74"
"SP";"LUIZIÂNIA";"66559";"3527702";"888";"22,66";"189";"6,24";"144";"4,75"
"SP";"LUPÉRCIO";"66575";"3527801";"793";"22,87";"140";"5,23";"152";"5,69"
"SP";"LUTÉCIA";"66591";"3527900";"527";"21,47";"91";"4,72";"76";"3,94"
"SP";"LUÍS ANTÔNIO";"66532";"3527603";"2506";"24,56";"605";"7,86";"482";"6,26"
"SP";"MACATUBA";"66613";"3528007";"2685";"20,24";"722";"6,82";"834";"7,88"
"SP";"MACAUBAL";"66630";"3528106";"1271";"20,64";"308";"6,30";"394";"8,07"
"SP";"MACEDÔNIA";"66656";"3528205";"758";"21,05";"146";"5,14";"135";"4,74"
"SP";"MAGDA";"66672";"3528304";"477";"17,94";"127";"5,82";"105";"4,81"
"SP";"MAIRINQUE";"66699";"3528403";"8977";"22,32";"2763";"8,84";"2592";"8,30"
"SP";"MAIRIPORÃ";"66710";"3528502";"14214";"21,61";"4004";"7,77";"2949";"5,72"
"SP";"MANDURI";"66737";"3528601";"1686";"22,65";"477";"8,28";"389";"6,76"
"SP";"MARABÁ PAULISTA";"66753";"3528700";"774";"24,99";"122";"5,25";"59";"2,54"
"SP";"MARACAÍ";"66770";"3528809";"2299";"21,06";"393";"4,56";"487";"5,65"
"SP";"MARAPOAMA";"61867";"3528858";"604";"21,81";"146";"6,74";"108";"4,99"
"SP";"MARINÓPOLIS";"66834";"3529104";"371";"20,63";"98";"6,87";"68";"4,76"
"SP";"MARIÁPOLIS";"66796";"3528908";"654";"21,37";"163";"6,77";"161";"6,70"
"SP";"MARTINÓPOLIS";"66850";"3529203";"3519";"19,64";"846";"5,88";"705";"4,89"
"SP";"MARÍLIA";"66818";"3529005";"42246";"23,25";"9317";"6,68";"8235";"5,91"
"SP";"MATÃO";"66877";"3529302";"13976";"21,11";"4495";"8,61";"3743";"7,16"
"SP";"MAUÁ";"66893";"3529401";"61722";"19,57";"28104";"11,08";"18165";"7,16"
"SP";"MENDONÇA";"66915";"3529500";"1139";"22,59";"219";"5,61";"140";"3,59"
"SP";"MERIDIANO";"66931";"3529609";"678";"18,61";"185";"6,24";"149";"5,02"
"SP";"MESÓPOLIS";"61964";"3529658";"395";"22,17";"62";"4,47";"68";"4,90"
"SP";"MIGUELÓPOLIS";"66958";"3529708";"3074";"20,84";"701";"6,00";"794";"6,80"
"SP";"MINEIROS DO TIETÊ";"66974";"3529807";"2154";"23,04";"614";"8,54";"675";"9,38"
"SP";"MIRA ESTRELA";"67016";"3530003";"676";"24,54";"141";"6,78";"69";"3,32"
"SP";"MIRACATU";"66990";"3529906";"5266";"31,48";"735";"6,41";"463";"4,04"
"SP";"MIRANDÓPOLIS";"67032";"3530102";"5667";"28,34";"1174";"8,19";"914";"6,38"
"SP";"MIRANTE DO PARANAPANEMA";"67059";"3530201";"3309";"25,02";"408";"4,11";"359";"3,62"
"SP";"MIRASSOL";"67075";"3530300";"10058";"22,31";"2380";"6,80";"2055";"5,86"
"SP";"MIRASSOLÂNDIA";"67091";"3530409";"845";"20,69";"132";"4,08";"94";"2,90"
"SP";"MOCOCA";"67113";"3530508";"14603";"27,39";"3941";"10,18";"3437";"8,87"
"SP";"MOGI DAS CRUZES";"67130";"3530607";"69787";"20,97";"22756";"8,65";"19604";"7,45"
"SP";"MOGI GUAÇU";"67156";"3530706";"26005";"21,67";"8139";"8,66";"6631";"7,06"
"SP";"MOGI MIRIM";"67172";"3530805";"15819";"22,22";"4771";"8,61";"4398";"7,95"
"SP";"MOMBUCA";"67199";"3530904";"681";"20,98";"211";"8,23";"162";"6,31"
"SP";"MONGAGUÁ";"67237";"3531100";"14551";"29,20";"2343";"6,64";"1813";"5,14"
"SP";"MONTE ALEGRE DO SUL";"67253";"3531209";"1412";"21,44";"491";"9,49";"320";"6,19"
"SP";"MONTE ALTO";"67270";"3531308";"9517";"24,91";"2256";"7,86";"2291";"7,99"
"SP";"MONTE APRAZÍVEL";"67296";"3531407";"4265";"23,92";"933";"6,88";"806";"5,94"
"SP";"MONTE AZUL PAULISTA";"67318";"3531506";"2794";"19,68";"784";"6,87";"639";"5,61"
"SP";"MONTE CASTELO";"67334";"3531605";"684";"19,61";"166";"5,92";"102";"3,64"
"SP";"MONTE MOR";"67377";"3531803";"11124";"23,45";"3085";"8,49";"2902";"8,00"
"SP";"MONTEIRO LOBATO";"67350";"3531704";"888";"22,43";"154";"5,01";"116";"3,78"
"SP";"MONÇÕES";"67210";"3531001";"430";"21,05";"126";"7,81";"111";"6,88"
"SP";"MORRO AGUDO";"67393";"3531902";"4983";"23,53";"1391";"8,59";"1266";"7,82"
"SP";"MORUNGABA";"67415";"3532009";"2125";"19,75";"740";"8,57";"664";"7,69"
"SP";"MOTUCA";"61069";"3532058";"776";"21,69";"213";"7,60";"181";"6,47"
"SP";"MURUTINGA DO SUL";"67431";"3532108";"763";"21,85";"189";"6,93";"104";"3,81"
"SP";"NANTES";"62340";"3532157";"575";"24,64";"77";"4,38";"63";"3,58"
"SP";"NARANDIBA";"67458";"3532207";"912";"20,44";"164";"4,62";"155";"4,37"
"SP";"NATIVIDADE DA SERRA";"67474";"3532306";"1656";"27,62";"316";"7,28";"153";"3,53"
"SP";"NAZARÉ PAULISTA";"67490";"3532405";"3577";"23,78";"1098";"9,58";"880";"7,67"
"SP";"NEVES PAULISTA";"67512";"3532504";"1745";"22,71";"469";"7,90";"416";"7,00"
"SP";"NHANDEARA";"67539";"3532603";"1604";"20,68";"351";"5,70";"313";"5,09"
"SP";"NIPOÃ";"67555";"3532702";"974";"24,67";"203";"6,83";"195";"6,55"
"SP";"NOVA ALIANÇA";"67571";"3532801";"1068";"20,50";"268";"6,47";"183";"4,42"
"SP";"NOVA CAMPINA";"61980";"3532827";"1588";"22,28";"262";"4,73";"231";"4,17"
"SP";"NOVA CANAÃ PAULISTA";"61425";"3532843";"542";"26,61";"92";"6,15";"91";"6,09"
"SP";"NOVA CASTILHO";"62367";"3532868";"269";"20,97";"47";"4,64";"38";"3,74"
"SP";"NOVA EUROPA";"67598";"3532900";"1777";"22,85";"384";"6,40";"423";"7,05"
"SP";"NOVA GRANADA";"67610";"3533007";"3936";"24,70";"832";"6,94";"753";"6,27"
"SP";"NOVA GUATAPORANGA";"67636";"3533106";"482";"24,28";"117";"7,78";"86";"5,73"
"SP";"NOVA INDEPENDÊNCIA";"67652";"3533205";"639";"19,67";"155";"5,94";"152";"5,83"
"SP";"NOVA LUZITÂNIA";"67679";"3533304";"491";"18,38";"104";"4,77";"63";"2,89"
"SP";"NOVA ODESSA";"67695";"3533403";"9573";"20,01";"2675";"6,99";"2268";"5,92"
"SP";"NOVAIS";"61409";"3533254";"736";"20,05";"220";"7,50";"125";"4,26"
"SP";"NOVO HORIZONTE";"67717";"3533502";"7623";"25,22";"1355";"5,99";"1385";"6,13"
"SP";"NUPORANGA";"67733";"3533601";"1271";"21,39";"304";"6,51";"269";"5,76"
"SP";"OCAUÇU";"67750";"3533700";"606";"18,41";"205";"7,63";"171";"6,37"
"SP";"OLÍMPIA";"67792";"3533908";"10737";"24,68";"1844";"5,63";"1797";"5,48"
"SP";"ONDA VERDE";"67814";"3534005";"865";"20,90";"201";"6,14";"216";"6,60"
"SP";"ORIENTE";"67830";"3534104";"861";"17,16";"303";"7,29";"231";"5,56"
"SP";"ORINDIÚVA";"67857";"3534203";"1070";"21,37";"220";"5,59";"130";"3,30"
"SP";"ORLÂNDIA";"67873";"3534302";"7697";"24,29";"1991";"8,30";"1767";"7,36"
"SP";"OSASCO";"67890";"3534401";"121840";"20,73";"39137";"8,40";"30640";"6,58"
"SP";"OSCAR BRESSANE";"67911";"3534500";"583";"23,14";"99";"5,11";"57";"2,95"
"SP";"OSVALDO CRUZ";"67938";"3534609";"6559";"26,56";"1234";"6,81";"1064";"5,86"
"SP";"OURINHOS";"67954";"3534708";"19542";"24,17";"3940";"6,42";"4047";"6,60"
"SP";"OURO VERDE";"67970";"3534807";"1429";"23,25";"295";"6,25";"234";"4,96"
"SP";"OUROESTE";"62383";"3534757";"1557";"20,77";"395";"6,65";"298";"5,01"
"SP";"PACAEMBU";"67997";"3534906";"2413";"28,00";"370";"5,96";"307";"4,95"
"SP";"PALESTINA";"68012";"3535002";"2256";"24,54";"387";"5,58";"365";"5,26"
"SP";"PALMARES PAULISTA";"68039";"3535101";"1504";"19,15";"492";"7,75";"425";"6,70"
"SP";"PALMEIRA D&apos;OESTE";"68055";"3535200";"2165";"27,28";"349";"6,05";"403";"6,98"
"SP";"PALMITAL";"68071";"3535309";"4236";"24,54";"702";"5,39";"673";"5,17"
"SP";"PANORAMA";"68098";"3535408";"2462";"22,85";"523";"6,29";"513";"6,17"
"SP";"PARAGUAÇU PAULISTA";"68110";"3535507";"8452";"25,99";"1583";"6,58";"1631";"6,77"
"SP";"PARAIBUNA";"68136";"3535606";"3413";"23,93";"632";"5,83";"473";"4,36"
"SP";"PARANAPANEMA";"68179";"3535804";"3301";"23,15";"773";"7,05";"607";"5,54"
"SP";"PARANAPUÃ";"68195";"3535903";"593";"17,31";"141";"4,98";"157";"5,54"
"SP";"PARAPUÃ";"68217";"3536000";"2038";"24,67";"485";"7,79";"408";"6,56"
"SP";"PARAÍSO";"68152";"3535705";"725";"16,09";"393";"10,39";"282";"7,46"
"SP";"PARDINHO";"68233";"3536109";"1290";"22,55";"338";"7,63";"279";"6,30"
"SP";"PARIQUERA-AÇU";"68250";"3536208";"4054";"25,99";"824";"7,14";"710";"6,15"
"SP";"PARISI";"61824";"3536257";"573";"21,00";"131";"6,08";"63";"2,92"
"SP";"PATROCÍNIO PAULISTA";"68276";"3536307";"2640";"24,35";"449";"5,47";"525";"6,41"
"SP";"PAULICÉIA";"68292";"3536406";"1411";"23,72";"319";"7,03";"236";"5,20"
"SP";"PAULISTÂNIA";"62405";"3536570";"433";"22,71";"100";"6,78";"41";"2,79"
"SP";"PAULO DE FARIA";"68330";"3536604";"1681";"26,17";"294";"6,20";"142";"2,99"
"SP";"PAULÍNIA";"68314";"3536505";"16813";"19,99";"4694";"6,98";"4081";"6,06"
"SP";"PEDERNEIRAS";"68357";"3536703";"7671";"22,20";"1788";"6,65";"1732";"6,44"
"SP";"PEDRA BELA";"68373";"3536802";"1213";"23,27";"301";"7,53";"249";"6,22"
"SP";"PEDRANÓPOLIS";"68390";"3536901";"416";"17,84";"100";"5,22";"83";"4,33"
"SP";"PEDREGULHO";"68411";"3537008";"2269";"19,12";"609";"6,35";"626";"6,52"
"SP";"PEDREIRA";"68438";"3537107";"8013";"22,70";"2759";"10,11";"1922";"7,04"
"SP";"PEDRINHAS PAULISTA";"61247";"3537156";"561";"20,19";"108";"4,87";"79";"3,56"
"SP";"PEDRO DE TOLEDO";"68454";"3537206";"2733";"32,43";"330";"5,80";"190";"3,33"
"SP";"PENÁPOLIS";"68470";"3537305";"12048";"25,43";"2468";"6,98";"1966";"5,57"
"SP";"PEREIRA BARRETO";"68497";"3537404";"5847";"28,56";"934";"6,39";"813";"5,55"
"SP";"PEREIRAS";"68519";"3537503";"1767";"25,86";"354";"6,99";"323";"6,37"
"SP";"PERUÍBE";"68535";"3537602";"18150";"29,48";"2971";"6,84";"2081";"4,80"
"SP";"PIACATU";"68551";"3537701";"1004";"21,46";"289";"7,87";"153";"4,16"
"SP";"PIEDADE";"68578";"3537800";"11166";"25,71";"2417";"7,49";"2537";"7,86"
"SP";"PILAR DO SUL";"68594";"3537909";"5540";"23,70";"1190";"6,67";"1174";"6,58"
"SP";"PINDAMONHANGABA";"68616";"3538006";"26716";"21,87";"7232";"7,58";"6556";"6,86"
"SP";"PINDORAMA";"68632";"3538105";"2707";"23,73";"717";"8,24";"550";"6,32"
"SP";"PINHALZINHO";"68675";"3538204";"2921";"24,88";"899";"10,19";"708";"8,03"
"SP";"PIQUEROBI";"68691";"3538303";"579";"19,52";"156";"6,54";"83";"3,47"
"SP";"PIQUETE";"68713";"3538501";"2115";"21,02";"530";"6,67";"429";"5,39"
"SP";"PIRACAIA";"68730";"3538600";"5214";"23,05";"1393";"8,00";"1185";"6,81"
"SP";"PIRACICABA";"68756";"3538709";"67886";"22,08";"18443";"7,70";"16007";"6,68"
"SP";"PIRAJU";"68772";"3538808";"6328";"26,43";"1250";"7,10";"1106";"6,28"
"SP";"PIRAJUÍ";"68799";"3538907";"4249";"26,20";"800";"6,68";"722";"6,04"
"SP";"PIRANGI";"68810";"3539004";"1979";"23,18";"497";"7,58";"500";"7,62"
"SP";"PIRAPORA DO BOM JESUS";"68837";"3539103";"2535";"19,11";"517";"4,82";"483";"4,50"
"SP";"PIRAPOZINHO";"68853";"3539202";"5264";"24,87";"944";"5,94";"837";"5,26"
"SP";"PIRASSUNUNGA";"68870";"3539301";"14079";"23,81";"3456";"7,67";"3153";"7,00"
"SP";"PIRATININGA";"68896";"3539400";"1823";"19,00";"431";"5,54";"439";"5,65"
"SP";"PITANGUEIRAS";"68918";"3539509";"6526";"24,33";"1597";"7,87";"1588";"7,83"
"SP";"PLANALTO";"68934";"3539608";"992";"23,94";"178";"5,65";"106";"3,36"
"SP";"PLATINA";"68950";"3539707";"601";"22,16";"105";"4,97";"103";"4,88"
"SP";"POLONI";"68993";"3539905";"1065";"23,45";"199";"5,72";"193";"5,55"
"SP";"POMPÉIA";"69019";"3540002";"3682";"21,87";"923";"7,02";"702";"5,34"
"SP";"PONGAÍ";"69035";"3540101";"679";"22,14";"126";"5,28";"67";"2,80"
"SP";"PONTAL";"69051";"3540200";"6302";"21,02";"2380";"10,05";"2421";"10,23"
"SP";"PONTALINDA";"61808";"3540259";"814";"24,75";"157";"6,34";"156";"6,31"
"SP";"PONTES GESTAL";"69078";"3540309";"587";"24,83";"90";"5,06";"91";"5,13"
"SP";"POPULINA";"69094";"3540408";"850";"22,53";"221";"7,56";"135";"4,62"
"SP";"PORANGABA";"69116";"3540507";"1879";"25,32";"418";"7,54";"330";"5,96"
"SP";"PORTO FELIZ";"69132";"3540606";"9920";"23,30";"2318";"7,10";"2624";"8,04"
"SP";"PORTO FERREIRA";"69159";"3540705";"10056";"23,68";"2953";"9,11";"2582";"7,96"
"SP";"POTIM";"61565";"3540754";"2746";"20,99";"648";"6,27";"687";"6,65"
"SP";"POTIRENDABA";"69175";"3540804";"2768";"20,24";"834";"7,65";"702";"6,43"
"SP";"POÁ";"68977";"3539806";"19311";"20,37";"6415";"8,50";"5417";"7,17"
"SP";"PRACINHA";"62120";"3540853";"252";"18,61";"49";"4,45";"43";"3,90"
"SP";"PRADÓPOLIS";"69191";"3540903";"2870";"20,67";"953";"8,65";"750";"6,81"
"SP";"PRAIA GRANDE";"69213";"3541000";"59298";"23,83";"13210";"6,97";"11591";"6,11"
"SP";"PRATÂNIA";"62146";"3541059";"1230";"25,11";"271";"7,39";"303";"8,25"
"SP";"PRESIDENTE ALVES";"69230";"3541109";"782";"22,66";"150";"5,62";"79";"2,96"
"SP";"PRESIDENTE BERNARDES";"69256";"3541208";"3041";"27,14";"347";"4,25";"371";"4,54"
"SP";"PRESIDENTE EPITÁCIO";"69272";"3541307";"9280";"29,00";"1459";"6,42";"1336";"5,88"
"SP";"PRESIDENTE PRUDENTE";"69299";"3541406";"46116";"25,48";"7105";"5,27";"6639";"4,92"
"SP";"PRESIDENTE VENCESLAU";"69310";"3541505";"7579";"26,21";"1246";"5,84";"1004";"4,70"
"SP";"PROMISSÃO";"69337";"3541604";"7911";"27,82";"1299";"6,33";"1344";"6,55"
"SP";"QUADRA";"62162";"3541653";"981";"25,78";"144";"5,10";"142";"5,03"
"SP";"QUATÁ";"69353";"3541703";"2128";"21,02";"487";"6,09";"476";"5,95"
"SP";"QUEIROZ";"69370";"3541802";"862";"26,22";"145";"5,98";"132";"5,44"
"SP";"QUELUZ";"69396";"3541901";"1477";"20,60";"311";"5,46";"249";"4,38"
"SP";"QUINTANA";"69418";"3542008";"1195";"21,85";"308";"7,20";"259";"6,06"
"SP";"RAFARD";"69434";"3542107";"1430";"19,29";"411";"6,87";"362";"6,05"
"SP";"RANCHARIA";"69450";"3542206";"6375";"26,04";"1050";"5,80";"1178";"6,50"
"SP";"REDENÇÃO DA SERRA";"69477";"3542305";"1092";"25,78";"150";"4,77";"150";"4,77"
"SP";"REGENTE FEIJÓ";"69493";"3542404";"2816";"18,48";"767";"6,17";"637";"5,13"
"SP";"REGINÓPOLIS";"69515";"3542503";"1158";"23,29";"265";"6,95";"131";"3,43"
"SP";"REGISTRO";"69531";"3542602";"12938";"26,83";"2106";"5,97";"1926";"5,46"
"SP";"RESTINGA";"69558";"3542701";"1561";"23,17";"278";"5,37";"268";"5,18"
"SP";"RIBEIRA";"69574";"3542800";"694";"22,93";"104";"4,46";"90";"3,86"
"SP";"RIBEIRÃO BONITO";"69590";"3542909";"2549";"27,68";"570";"8,56";"419";"6,29"
"SP";"RIBEIRÃO BRANCO";"69612";"3543006";"3745";"24,84";"729";"6,43";"575";"5,08"
"SP";"RIBEIRÃO CORRENTE";"69639";"3543105";"1020";"23,79";"160";"4,90";"93";"2,84"
"SP";"RIBEIRÃO DO SUL";"69655";"3543204";"624";"16,40";"199";"6,26";"146";"4,59"
"SP";"RIBEIRÃO DOS ÍNDIOS";"62421";"3543238";"356";"18,94";"99";"6,50";"72";"4,72"
"SP";"RIBEIRÃO GRANDE";"61700";"3543253";"1501";"22,39";"310";"5,96";"293";"5,63"
"SP";"RIBEIRÃO PIRES";"69671";"3543303";"18862";"20,77";"6703";"9,32";"4628";"6,43"
"SP";"RIBEIRÃO PRETO";"69698";"3543402";"106851";"22,82";"31144";"8,62";"20045";"5,55"
"SP";"RIFAINA";"69736";"3543600";"1092";"24,23";"177";"5,18";"171";"5,01"
"SP";"RINCÃO";"69752";"3543709";"1846";"23,98";"526";"8,99";"414";"7,08"
"SP";"RINÓPOLIS";"69779";"3543808";"1862";"24,18";"429";"7,35";"325";"5,57"
"SP";"RIO CLARO";"69795";"3543907";"34154";"21,84";"11417";"9,34";"7958";"6,51"
"SP";"RIO DAS PEDRAS";"69817";"3544004";"4842";"19,31";"1686";"8,33";"1616";"7,99"
"SP";"RIO GRANDE DA SERRA";"69833";"3544103";"7483";"20,95";"2710";"9,60";"2422";"8,58"
"SP";"RIOLÂNDIA";"69850";"3544202";"1720";"23,50";"314";"5,61";"211";"3,77"
"SP";"RIVERSUL";"69710";"3543501";"1076";"23,22";"192";"5,40";"165";"4,63"
"SP";"ROSANA";"61166";"3544251";"5018";"32,75";"585";"5,68";"502";"4,87"
"SP";"ROSEIRA";"69876";"3544301";"1638";"19,13";"401";"5,79";"452";"6,53"
"SP";"RUBINÉIA";"69914";"3544509";"830";"25,41";"171";"7,02";"87";"3,57"
"SP";"RUBIÁCEA";"69892";"3544400";"409";"17,92";"84";"4,48";"64";"3,42"
"SP";"SABINO";"69930";"3544608";"1280";"27,77";"260";"7,81";"163";"4,90"
"SP";"SAGRES";"69957";"3544707";"474";"22,64";"83";"5,12";"76";"4,69"
"SP";"SALES";"69973";"3544806";"1212";"23,58";"222";"5,65";"133";"3,39"
"SP";"SALES OLIVEIRA";"69990";"3544905";"1547";"18,59";"564";"8,32";"418";"6,17"
"SP";"SALESÓPOLIS";"70017";"3545001";"3437";"22,31";"945";"7,90";"784";"6,55"
"SP";"SALMOURÃO";"70033";"3545100";"940";"23,25";"195";"6,28";"202";"6,51"
"SP";"SALTINHO";"61441";"3545159";"1202";"17,51";"324";"5,72";"267";"4,72"
"SP";"SALTO";"70050";"3545209";"20205";"20,83";"6044";"7,87";"5170";"6,73"
"SP";"SALTO DE PIRAPORA";"70076";"3545308";"6260";"20,39";"2105";"8,61";"1928";"7,89"
"SP";"SALTO GRANDE";"70092";"3545407";"1179";"18,53";"410";"7,91";"349";"6,73"
"SP";"SANDOVALINA";"70114";"3545506";"872";"24,95";"111";"4,23";"80";"3,05"
"SP";"SANTA ADÉLIA";"70130";"3545605";"2963";"25,21";"638";"7,26";"469";"5,33"
"SP";"SANTA ALBERTINA";"70157";"3545704";"1135";"21,78";"269";"6,60";"209";"5,13"
"SP";"SANTA BRANCA";"70211";"3546009";"3019";"24,43";"676";"7,24";"567";"6,07"
"SP";"SANTA BÁRBARA D&apos;OESTE";"70173";"3545803";"29620";"20,26";"9512";"8,16";"8054";"6,91"
"SP";"SANTA CLARA D&apos;OESTE";"70238";"3546108";"576";"24,24";"86";"4,78";"87";"4,83"
"SP";"SANTA CRUZ DA CONCEIÇÃO";"70254";"3546207";"846";"20,76";"195";"6,04";"142";"4,39"
"SP";"SANTA CRUZ DA ESPERANÇA";"62189";"3546256";"547";"24,99";"134";"8,16";"76";"4,63"
"SP";"SANTA CRUZ DAS PALMEIRAS";"70270";"3546306";"4282";"20,18";"1619";"9,56";"1424";"8,41"
"SP";"SANTA CRUZ DO RIO PARDO";"70297";"3546405";"9119";"25,44";"1697";"6,35";"1733";"6,48"
"SP";"SANTA ERNESTINA";"70319";"3546504";"899";"17,93";"308";"7,49";"214";"5,20"
"SP";"SANTA FÉ DO SUL";"70335";"3546603";"6980";"25,82";"1251";"6,24";"1031";"5,14"
"SP";"SANTA GERTRUDES";"70351";"3546702";"3587";"19,03";"1205";"7,89";"1074";"7,04"
"SP";"SANTA ISABEL";"70378";"3546801";"9283";"21,51";"3448";"10,18";"2694";"7,95"
"SP";"SANTA LÚCIA";"70394";"3546900";"1461";"21,44";"527";"9,85";"478";"8,93"
"SP";"SANTA MARIA DA SERRA";"70416";"3547007";"1002";"23,25";"224";"6,77";"226";"6,84"
"SP";"SANTA MERCEDES";"70432";"3547106";"768";"28,00";"121";"6,13";"92";"4,65"
"SP";"SANTA RITA D&apos;OESTE";"70491";"3547403";"579";"23,33";"119";"6,25";"73";"3,84"
"SP";"SANTA RITA DO PASSA QUATRO";"70513";"3547502";"4500";"22,51";"1205";"7,78";"912";"5,88"
"SP";"SANTA ROSA DE VITERBO";"70530";"3547601";"5225";"26,39";"1479";"10,15";"1194";"8,19"
"SP";"SANTA SALETE";"62200";"3547650";"310";"18,05";"82";"5,83";"50";"3,55"
"SP";"SANTANA DA PONTE PENSA";"70459";"3547205";"373";"23,39";"73";"5,97";"44";"3,60"
"SP";"SANTANA DE PARNAÍBA";"70475";"3547304";"18692";"18,62";"3693";"4,52";"2867";"3,51"
"SP";"SANTO ANASTÁCIO";"70556";"3547700";"3308";"21,67";"864";"7,23";"709";"5,92"
"SP";"SANTO ANDRÉ";"70572";"3547809";"121557";"20,87";"39549";"8,58";"22790";"4,94"
"SP";"SANTO ANTÔNIO DA ALEGRIA";"70599";"3547908";"978";"18,23";"361";"8,23";"250";"5,69"
"SP";"SANTO ANTÔNIO DE POSSE";"70610";"3548005";"3674";"21,53";"942";"7,03";"1111";"8,30"
"SP";"SANTO ANTÔNIO DO ARACANGUÁ";"61328";"3548054";"1349";"19,27";"237";"4,19";"134";"2,37"
"SP";"SANTO ANTÔNIO DO JARDIM";"70637";"3548104";"1328";"24,41";"344";"8,36";"331";"8,05"
"SP";"SANTO ANTÔNIO DO PINHAL";"70653";"3548203";"1433";"22,46";"383";"7,74";"355";"7,18"
"SP";"SANTO EXPEDITO";"70670";"3548302";"611";"22,13";"114";"5,30";"82";"3,82"
"SP";"SANTOS";"70718";"3548500";"80154";"22,73";"15462";"5,67";"11383";"4,18"
"SP";"SANTÓPOLIS DO AGUAPEÍ";"70696";"3548401";"697";"21,51";"166";"6,53";"99";"3,89"
"SP";"SARAPUÍ";"71234";"3551108";"1588";"20,89";"433";"7,20";"332";"5,52"
"SP";"SARUTAIÁ";"71250";"3551207";"712";"22,47";"167";"6,80";"95";"3,87"
"SP";"SEBASTIANÓPOLIS DO SUL";"71277";"3551306";"639";"21,17";"130";"5,46";"118";"4,96"
"SP";"SERRA AZUL";"71293";"3551405";"1957";"24,67";"454";"7,60";"388";"6,49"
"SP";"SERRA NEGRA";"71331";"3551603";"5817";"24,90";"1194";"6,81";"841";"4,79"
"SP";"SERRANA";"71315";"3551504";"7888";"22,70";"2003";"7,46";"2013";"7,49"
"SP";"SERTÃOZINHO";"71358";"3551702";"21480";"22,16";"6418";"8,51";"5890";"7,80"
"SP";"SETE BARRAS";"71374";"3551801";"3494";"30,97";"487";"6,25";"300";"3,85"
"SP";"SEVERÍNIA";"71390";"3551900";"2660";"21,67";"600";"6,24";"609";"6,33"
"SP";"SILVEIRAS";"71412";"3552007";"1185";"21,92";"266";"6,30";"240";"5,69"
"SP";"SOCORRO";"71439";"3552106";"7305";"23,32";"2062";"8,59";"1223";"5,09"
"SP";"SOROCABA";"71455";"3552205";"92972";"18,08";"35920";"8,53";"25038";"5,94"
"SP";"SUD MENNUCCI";"71471";"3552304";"1480";"23,47";"303";"6,28";"253";"5,24"
"SP";"SUMARÉ";"71498";"3552403";"42484";"21,40";"11932";"7,65";"11188";"7,17"
"SP";"SUZANO";"71510";"3552502";"45212";"19,77";"17020";"9,28";"14567";"7,94"
"SP";"SUZANÁPOLIS";"61301";"3552551";"635";"21,55";"142";"6,14";"111";"4,81"
"SP";"SÃO BENTO DO SAPUCAÍ";"70734";"3548609";"2219";"23,28";"591";"8,08";"529";"7,23"
"SP";"SÃO BERNARDO DO CAMPO";"70750";"3548708";"122779";"19,21";"42004";"8,14";"26400";"5,11"
"SP";"SÃO CAETANO DO SUL";"70777";"3548807";"27015";"18,48";"7095";"5,96";"4117";"3,45"
"SP";"SÃO CARLOS";"70793";"3548906";"43533";"22,41";"14343";"9,52";"10536";"6,99"
"SP";"SÃO FRANCISCO";"70815";"3549003";"620";"24,54";"124";"6,50";"135";"7,08"
"SP";"SÃO JOAQUIM DA BARRA";"70890";"3549409";"9171";"24,12";"2009";"6,96";"2236";"7,75"
"SP";"SÃO JOSÉ DA BELA VISTA";"70912";"3549508";"1901";"27,35";"337";"6,67";"434";"8,60"
"SP";"SÃO JOSÉ DO BARREIRO";"70939";"3549607";"849";"22,37";"137";"4,65";"69";"2,34"
"SP";"SÃO JOSÉ DO RIO PARDO";"70955";"3549706";"11189";"26,25";"2589";"8,24";"2451";"7,79"
"SP";"SÃO JOSÉ DO RIO PRETO";"70971";"3549805";"76936";"22,30";"16342";"6,10";"12729";"4,74"
"SP";"SÃO JOSÉ DOS CAMPOS";"70998";"3549904";"111451";"19,99";"25576";"5,73";"21038";"4,72"
"SP";"SÃO JOÃO DA BOA VISTA";"70831";"3549102";"16572";"23,21";"4219";"7,70";"3660";"6,67"
"SP";"SÃO JOÃO DAS DUAS PONTES";"70858";"3549201";"491";"21,60";"109";"6,12";"120";"6,73"
"SP";"SÃO JOÃO DE IRACEMA";"61883";"3549250";"367";"21,34";"71";"5,25";"45";"3,32"
"SP";"SÃO JOÃO DO PAU D&apos;ALHO";"70874";"3549300";"402";"19,89";"98";"6,05";"98";"6,06"
"SP";"SÃO LOURENÇO DA SERRA";"61905";"3549953";"3078";"24,71";"727";"7,75";"584";"6,23"
"SP";"SÃO LUÍS DO PARAITINGA";"71013";"3550001";"1976";"19,82";"531";"6,64";"430";"5,38"
"SP";"SÃO MANUEL";"71030";"3550100";"7048";"22,67";"2416";"10,05";"2162";"8,99"
"SP";"SÃO MIGUEL ARCANJO";"71056";"3550209";"6088";"23,73";"1341";"6,85";"1010";"5,17"
"SP";"SÃO PAULO";"71072";"3550308";"1979870";"21,29";"610858";"8,34";"389283";"5,32"
"SP";"SÃO PEDRO";"71099";"3550407";"6544";"24,06";"1454";"7,04";"1226";"5,94"
"SP";"SÃO PEDRO DO TURVO";"71110";"3550506";"1271";"22,16";"223";"5,00";"214";"4,79"
"SP";"SÃO ROQUE";"71137";"3550605";"15353";"24,18";"3690";"7,66";"3787";"7,87"
"SP";"SÃO SEBASTIÃO";"71153";"3550704";"15089";"22,74";"3078";"6,00";"2983";"5,82"
"SP";"SÃO SEBASTIÃO DA GRAMA";"71170";"3550803";"1837";"21,54";"535";"7,99";"364";"5,44"
"SP";"SÃO SIMÃO";"71196";"3550902";"2960";"24,49";"776";"8,50";"524";"5,74"
"SP";"SÃO VICENTE";"71218";"3551009";"57825";"22,34";"13752";"6,84";"12027";"5,98"
"SP";"TABAPUÃ";"71536";"3552601";"1960";"21,15";"644";"8,82";"433";"5,92"
"SP";"TABATINGA";"71552";"3552700";"2785";"23,98";"680";"7,70";"678";"7,68"
"SP";"TABOÃO DA SERRA";"71579";"3552809";"45164";"20,20";"14999";"8,41";"12780";"7,16"
"SP";"TACIBA";"71595";"3552908";"790";"15,99";"163";"3,93";"131";"3,15"
"SP";"TAGUAÍ";"71617";"3553005";"1939";"21,01";"430";"5,90";"411";"5,64"
"SP";"TAIAÇU";"71633";"3553104";"1145";"23,76";"234";"6,37";"190";"5,17"
"SP";"TAIÚVA";"71650";"3553203";"1161";"24,43";"233";"6,49";"207";"5,76"
"SP";"TAMBAÚ";"71676";"3553302";"3272";"20,55";"961";"7,60";"775";"6,12"
"SP";"TANABI";"71692";"3553401";"4679";"22,68";"862";"5,40";"639";"4,01"
"SP";"TAPIRATIBA";"71730";"3553609";"2525";"24,12";"681";"8,57";"615";"7,75"
"SP";"TAPIRAÍ";"71714";"3553500";"1938";"29,64";"322";"7,00";"245";"5,33"
"SP";"TAQUARAL";"62260";"3553658";"495";"21,54";"128";"7,10";"114";"6,32"
"SP";"TAQUARITINGA";"71757";"3553708";"10636";"26,11";"1935";"6,43";"2234";"7,42"
"SP";"TAQUARITUBA";"71773";"3553807";"3302";"19,02";"911";"6,48";"1121";"7,97"
"SP";"TAQUARIVAÍ";"61840";"3553856";"1136";"22,58";"215";"5,52";"234";"6,01"
"SP";"TARABAI";"71790";"3553906";"1359";"24,26";"246";"5,80";"181";"4,26"
"SP";"TARUMÃ";"61042";"3553955";"2376";"20,30";"454";"4,87";"396";"4,24"
"SP";"TATUÍ";"71811";"3554003";"23437";"25,34";"5612";"8,13";"4823";"6,98"
"SP";"TAUBATÉ";"71838";"3554102";"52877";"22,16";"13322";"7,17";"11272";"6,07"
"SP";"TEJUPÁ";"71854";"3554201";"932";"24,89";"154";"5,47";"119";"4,23"
"SP";"TEODORO SAMPAIO";"71870";"3554300";"5081";"27,74";"686";"5,18";"567";"4,29"
"SP";"TERRA ROXA";"71897";"3554409";"1001";"16,55";"395";"7,82";"352";"6,98"
"SP";"TIETÊ";"71919";"3554508";"7088";"23,07";"1760";"7,44";"1368";"5,79"
"SP";"TIMBURI";"71935";"3554607";"559";"23,19";"139";"7,51";"49";"2,64"
"SP";"TORRE DE PEDRA";"62049";"3554656";"654";"25,29";"136";"7,04";"64";"3,31"
"SP";"TORRINHA";"71951";"3554706";"1668";"22,64";"402";"7,05";"409";"7,18"
"SP";"TRABIJU";"62448";"3554755";"306";"19,31";"56";"4,38";"23";"1,80"
"SP";"TREMEMBÉ";"71978";"3554805";"6612";"21,81";"1535";"6,47";"1351";"5,70"
"SP";"TRÊS FRONTEIRAS";"71994";"3554904";"1339";"26,04";"211";"5,55";"188";"4,94"
"SP";"TUIUTI";"61620";"3554953";"1281";"23,27";"389";"9,21";"300";"7,10"
"SP";"TUPI PAULISTA";"72036";"3555109";"2730";"23,85";"432";"4,96";"295";"3,38"
"SP";"TUPÃ";"72010";"3555000";"13046";"25,85";"2460";"6,57";"1927";"5,15"
"SP";"TURIÚBA";"72052";"3555208";"397";"23,56";"70";"5,43";"30";"2,33"
"SP";"TURMALINA";"72079";"3555307";"440";"23,55";"115";"8,05";"63";"4,41"
"SP";"UBARANA";"61468";"3555356";"1136";"24,50";"197";"5,63";"217";"6,20"
"SP";"UBATUBA";"72095";"3555406";"19766";"26,05";"3865";"6,89";"3357";"5,98"
"SP";"UBIRAJARA";"72117";"3555505";"1018";"24,31";"146";"4,61";"139";"4,38"
"SP";"UCHOA";"72133";"3555604";"1679";"20,78";"478";"7,47";"375";"5,86"
"SP";"UNIÃO PAULISTA";"72150";"3555703";"382";"23,67";"52";"4,22";"45";"3,65"
"SP";"URU";"72192";"3555901";"320";"21,21";"62";"5,21";"24";"2,02"
"SP";"URUPÊS";"72214";"3556008";"2794";"25,02";"606";"7,24";"559";"6,68"
"SP";"URÂNIA";"72176";"3555802";"1400";"20,32";"411";"7,49";"369";"6,72"
"SP";"VALENTIM GENTIL";"72230";"3556107";"2210";"21,62";"546";"6,81";"499";"6,23"
"SP";"VALINHOS";"72257";"3556206";"20924";"21,74";"5656";"7,51";"4293";"5,70"
"SP";"VALPARAÍSO";"72273";"3556305";"4471";"26,53";"667";"5,39";"649";"5,24"
"SP";"VARGEM";"61549";"3556354";"1961";"28,29";"568";"11,42";"473";"9,52"
"SP";"VARGEM GRANDE DO SUL";"72311";"3556404";"7700";"24,01";"1836";"7,53";"2200";"9,03"
"SP";"VARGEM GRANDE PAULISTA";"72737";"3556453";"8049";"19,73";"2613";"7,98";"2497";"7,63"
"SP";"VERA CRUZ";"72354";"3556602";"1396";"17,96";"475";"7,45";"311";"4,87"
"SP";"VINHEDO";"72370";"3556701";"12385";"19,68";"3393";"6,71";"3069";"6,07"
"SP";"VIRADOURO";"72397";"3556800";"2179";"16,88";"784";"7,31";"780";"7,27"
"SP";"VISTA ALEGRE DO ALTO";"72419";"3556909";"1377";"22,44";"326";"6,85";"320";"6,73"
"SP";"VITÓRIA BRASIL";"62227";"3556958";"293";"18,01";"75";"5,62";"56";"4,20"
"SP";"VOTORANTIM";"72435";"3557006";"17576";"19,36";"5919";"8,09";"4981";"6,80"
"SP";"VOTUPORANGA";"72451";"3557105";"17167";"23,66";"3584";"6,47";"2836";"5,12"
"SP";"VÁRZEA PAULISTA";"72338";"3556503";"15441";"18,50";"6348";"9,33";"4911";"7,22"
"SP";"ZACARIAS";"61921";"3557154";"556";"22,61";"138";"7,25";"50";"2,63"
"SP";"ÁGUAS DA PRATA";"61077";"3500402";"1480";"23,41";"366";"7,56";"266";"5,49"
"SP";"ÁGUAS DE LINDÓIA";"61093";"3500501";"3314";"22,25";"994";"8,58";"684";"5,91"
"SP";"ÁGUAS DE SANTA BÁRBARA";"70190";"3500550";"1458";"27,22";"289";"7,41";"254";"6,52"
"SP";"ÁGUAS DE SÃO PEDRO";"61115";"3500600";"838";"21,10";"117";"3,73";"75";"2,40"
"SP";"ÁLVARES FLORENCE";"61239";"3501202";"925";"24,34";"158";"5,50";"105";"3,65"
"SP";"ÁLVARES MACHADO";"61255";"3501301";"4457";"23,18";"885";"5,99";"681";"4,61"
"SP";"ÁLVARO DE CARVALHO";"61271";"3501400";"746";"24,83";"191";"8,46";"123";"5,44"
"SP";"ÓLEO";"67776";"3533809";"614";"24,16";"147";"7,63";"110";"5,71"
